sensor_id,timestamp,temperature,humidity,location,sensor_type
1041,2025-04-08 07:19:54,20.74,53.9,BuildingB_Floor2,TypeA
1097,2025-04-10 17:38:01,22.21,72.53,BuildingA_Floor2,TypeA
1046,2025-04-07 23:38:51,23.75,57.63,BuildingA_Floor2,TypeA
1002,2025-04-11 07:06:17,17.38,55.02,BuildingA_Floor2,TypeB
1082,2025-04-07 10:20:11,27.69,44.16,BuildingB_Floor2,TypeC
1099,2025-04-08 10:26:43,30.51,67.07,BuildingB_Floor1,TypeB
1077,2025-04-10 00:04:17,27.15,71.74,BuildingB_Floor1,TypeB
1089,2025-04-09 13:32:14,20.85,47.14,BuildingA_Floor1,TypeA
1028,2025-04-09 07:04:24,25.25,46.17,BuildingB_Floor1,TypeA
1016,2025-04-10 07:48:47,17.73,59.22,BuildingB_Floor1,TypeB
1056,2025-04-07 16:57:07,33.66,74.83,BuildingB_Floor1,TypeC
1046,2025-04-08 19:23:59,31.96,77.59,BuildingA_Floor2,TypeB
1004,2025-04-10 00:53:51,26.99,48.29,BuildingB_Floor2,TypeB
1096,2025-04-06 15:53:58,26.89,32.85,BuildingB_Floor2,TypeB
1013,2025-04-10 10:51:10,16.78,35.7,BuildingA_Floor2,TypeC
1022,2025-04-07 13:06:45,20.31,69.23,BuildingB_Floor1,TypeC
1088,2025-04-11 00:42:11,26.32,33.96,BuildingB_Floor2,TypeA
1000,2025-04-10 13:15:39,25.11,71.06,BuildingB_Floor1,TypeB
1040,2025-04-10 17:04:47,21.26,31.97,BuildingB_Floor2,TypeB
1009,2025-04-07 10:12:11,24.59,44.42,BuildingB_Floor2,TypeB
1089,2025-04-10 20:36:13,30.8,35.87,BuildingB_Floor1,TypeA
1050,2025-04-07 17:41:13,26.58,42.56,BuildingB_Floor2,TypeC
1037,2025-04-06 16:30:25,30.94,65.63,BuildingB_Floor2,TypeA
1081,2025-04-08 12:04:21,26.02,35.19,BuildingB_Floor1,TypeB
1085,2025-04-08 12:23:11,16.38,67.32,BuildingA_Floor1,TypeC
1005,2025-04-07 08:11:20,31.18,77.75,BuildingA_Floor2,TypeC
1018,2025-04-08 19:15:46,27.38,47.84,BuildingA_Floor1,TypeC
1046,2025-04-10 13:16:33,28.39,54.43,BuildingA_Floor1,TypeA
1036,2025-04-08 18:42:22,28.09,57.3,BuildingA_Floor1,TypeA
1042,2025-04-09 04:50:43,22.72,36.03,BuildingA_Floor2,TypeC
1014,2025-04-10 14:47:48,19.49,59.77,BuildingA_Floor2,TypeB
1020,2025-04-11 09:38:54,21.49,71.2,BuildingB_Floor2,TypeA
1014,2025-04-07 04:40:39,23.21,54.12,BuildingA_Floor2,TypeC
1007,2025-04-10 07:06:38,27.7,35.3,BuildingB_Floor2,TypeB
1044,2025-04-10 22:26:53,15.61,34.52,BuildingB_Floor1,TypeA
1004,2025-04-06 17:05:54,19.34,78.03,BuildingB_Floor2,TypeA
1088,2025-04-09 16:55:52,29.79,50.08,BuildingA_Floor1,TypeB
1076,2025-04-10 10:35:32,31.67,50.57,BuildingA_Floor1,TypeB
1041,2025-04-11 11:31:57,18.51,43.24,BuildingA_Floor2,TypeB
1002,2025-04-06 21:15:59,30.74,75.14,BuildingA_Floor1,TypeC
1048,2025-04-09 18:09:28,31.47,40.54,BuildingA_Floor2,TypeA
1073,2025-04-07 05:41:56,28.21,54.31,BuildingA_Floor1,TypeA
1066,2025-04-09 12:18:31,26.55,35.12,BuildingB_Floor1,TypeA
1060,2025-04-10 17:58:25,30.08,40.41,BuildingA_Floor1,TypeB
1084,2025-04-08 00:31:08,22.04,54.1,BuildingA_Floor1,TypeC
1013,2025-04-08 06:46:58,24.75,79.81,BuildingA_Floor2,TypeA
1079,2025-04-09 09:46:46,23.7,75.55,BuildingB_Floor1,TypeA
1068,2025-04-07 02:36:09,31.64,34.69,BuildingA_Floor2,TypeC
1024,2025-04-06 20:28:46,29.43,72.55,BuildingB_Floor1,TypeC
1057,2025-04-07 04:21:38,24.32,63.9,BuildingA_Floor1,TypeC
1048,2025-04-08 16:44:10,31.37,54.78,BuildingB_Floor1,TypeC
1012,2025-04-09 09:04:04,32.75,75.85,BuildingA_Floor2,TypeB
1095,2025-04-09 01:40:07,20.57,72.83,BuildingB_Floor2,TypeC
1042,2025-04-08 17:42:09,30.94,74.3,BuildingB_Floor1,TypeB
1078,2025-04-11 00:18:55,17.48,56.15,BuildingA_Floor2,TypeB
1081,2025-04-07 18:25:05,34.73,32.04,BuildingA_Floor2,TypeA
1000,2025-04-11 13:09:05,31.74,56.64,BuildingB_Floor2,TypeA
1060,2025-04-11 05:32:43,16.8,35.46,BuildingB_Floor1,TypeB
1006,2025-04-09 20:03:45,33.18,78.94,BuildingB_Floor1,TypeA
1004,2025-04-07 14:13:14,29.57,76.8,BuildingA_Floor2,TypeB
1065,2025-04-07 13:08:45,18.08,58.02,BuildingA_Floor1,TypeC
1057,2025-04-07 05:42:37,20.22,47.18,BuildingB_Floor1,TypeA
1002,2025-04-08 08:38:37,15.78,76.05,BuildingA_Floor1,TypeC
1074,2025-04-06 21:48:56,27.17,77.09,BuildingB_Floor1,TypeB
1006,2025-04-09 18:32:35,28.4,73.25,BuildingA_Floor2,TypeC
1011,2025-04-10 18:49:07,16.78,79.88,BuildingB_Floor2,TypeC
1004,2025-04-09 22:35:35,34.56,37.44,BuildingB_Floor1,TypeC
1061,2025-04-10 10:23:37,31.27,52.83,BuildingA_Floor2,TypeC
1035,2025-04-10 09:15:13,20.69,55.54,BuildingB_Floor2,TypeC
1070,2025-04-10 20:42:33,18.93,31.71,BuildingB_Floor2,TypeA
1072,2025-04-08 03:36:02,24.58,44.59,BuildingA_Floor2,TypeC
1006,2025-04-11 09:11:32,28.72,74.87,BuildingB_Floor2,TypeB
1082,2025-04-09 11:52:40,24.16,64.74,BuildingA_Floor1,TypeA
1079,2025-04-11 02:53:54,20.3,52.06,BuildingB_Floor2,TypeC
1032,2025-04-11 13:50:40,27.89,46.27,BuildingA_Floor2,TypeA
1089,2025-04-07 14:13:13,28.07,32.52,BuildingA_Floor1,TypeA
1097,2025-04-08 09:32:28,21.69,55.19,BuildingB_Floor1,TypeB
1095,2025-04-11 09:40:55,32.85,59.6,BuildingA_Floor1,TypeC
1090,2025-04-10 23:55:48,17.11,51.48,BuildingA_Floor1,TypeB
1073,2025-04-09 21:59:49,21.92,68.28,BuildingA_Floor1,TypeB
1090,2025-04-11 00:23:15,28.43,34.04,BuildingB_Floor2,TypeC
1012,2025-04-07 03:20:15,21.89,48.4,BuildingB_Floor1,TypeC
1025,2025-04-10 13:36:43,20.84,55.56,BuildingB_Floor1,TypeA
1061,2025-04-08 02:29:26,25.1,62.84,BuildingA_Floor2,TypeC
1029,2025-04-11 04:22:46,25.39,71.43,BuildingB_Floor1,TypeB
1099,2025-04-10 08:21:00,23.44,77.2,BuildingB_Floor2,TypeA
1096,2025-04-11 13:14:29,32.95,65.52,BuildingA_Floor1,TypeA
1091,2025-04-08 00:50:44,19.11,32.19,BuildingB_Floor1,TypeB
1019,2025-04-11 12:46:49,31.57,66.14,BuildingA_Floor2,TypeA
1043,2025-04-09 20:08:43,24.44,61.75,BuildingA_Floor1,TypeA
1018,2025-04-08 01:14:25,15.12,74.09,BuildingA_Floor2,TypeC
1073,2025-04-07 21:52:47,33.85,76.95,BuildingA_Floor2,TypeB
1053,2025-04-08 20:46:58,26.26,42.97,BuildingB_Floor1,TypeB
1100,2025-04-09 02:23:24,30.76,61.55,BuildingB_Floor2,TypeB
1018,2025-04-08 15:45:26,32.5,77.04,BuildingA_Floor2,TypeC
1099,2025-04-10 11:40:37,18.02,31.1,BuildingA_Floor2,TypeB
1047,2025-04-06 22:41:29,22.8,31.85,BuildingB_Floor1,TypeA
1099,2025-04-07 05:38:50,24.05,75.28,BuildingA_Floor2,TypeC
1046,2025-04-09 12:41:30,18.13,44.38,BuildingB_Floor1,TypeC
1065,2025-04-07 08:57:02,21.6,43.1,BuildingA_Floor2,TypeB
1069,2025-04-10 20:30:35,19.48,39.47,BuildingA_Floor1,TypeC
1021,2025-04-08 06:57:12,31.76,50.92,BuildingA_Floor2,TypeC
1001,2025-04-09 20:55:49,21.92,57.95,BuildingB_Floor2,TypeC
1034,2025-04-11 12:19:57,23.84,35.06,BuildingB_Floor1,TypeC
1045,2025-04-08 01:20:09,29.93,37.75,BuildingB_Floor1,TypeC
1082,2025-04-10 02:15:14,29.49,71.78,BuildingB_Floor2,TypeB
1025,2025-04-07 18:38:52,32.03,39.15,BuildingA_Floor2,TypeA
1050,2025-04-07 05:35:44,34.81,78.37,BuildingA_Floor2,TypeB
1017,2025-04-08 03:53:12,18.58,71.6,BuildingB_Floor1,TypeC
1016,2025-04-11 13:30:54,29.37,69.15,BuildingB_Floor2,TypeB
1011,2025-04-09 05:38:07,15.05,76.77,BuildingB_Floor2,TypeA
1088,2025-04-09 06:55:50,26.86,30.08,BuildingA_Floor1,TypeB
1001,2025-04-11 01:33:26,30.21,59.25,BuildingA_Floor2,TypeC
1034,2025-04-09 21:12:19,34.76,34.37,BuildingB_Floor1,TypeB
1043,2025-04-08 06:05:31,17.57,62.18,BuildingA_Floor2,TypeA
1006,2025-04-08 14:08:09,22.74,54.49,BuildingA_Floor1,TypeA
1022,2025-04-09 13:18:11,21.11,68.4,BuildingA_Floor1,TypeB
1018,2025-04-09 04:41:20,33.36,72.73,BuildingA_Floor1,TypeB
1004,2025-04-11 07:32:42,33.45,32.88,BuildingB_Floor2,TypeA
1064,2025-04-08 11:49:17,20.9,61.08,BuildingB_Floor2,TypeC
1049,2025-04-08 06:49:06,17.31,56.62,BuildingB_Floor2,TypeA
1023,2025-04-10 10:10:22,24.63,45.02,BuildingB_Floor2,TypeB
1017,2025-04-07 10:26:27,18.26,63.44,BuildingB_Floor2,TypeA
1033,2025-04-11 05:08:03,18.4,36.48,BuildingB_Floor2,TypeB
1017,2025-04-10 12:34:17,26.75,35.02,BuildingB_Floor1,TypeA
1054,2025-04-09 23:27:33,15.34,48.69,BuildingA_Floor2,TypeB
1067,2025-04-07 14:18:53,16.93,38.1,BuildingA_Floor2,TypeB
1008,2025-04-10 13:04:24,33.86,35.04,BuildingA_Floor2,TypeA
1036,2025-04-06 16:49:56,25.52,47.44,BuildingB_Floor2,TypeA
1081,2025-04-07 20:09:06,21.97,64.11,BuildingB_Floor2,TypeB
1084,2025-04-10 02:16:40,17.95,31.46,BuildingA_Floor1,TypeA
1058,2025-04-08 20:13:01,32.2,34.41,BuildingA_Floor1,TypeC
1093,2025-04-06 18:25:47,23.77,36.33,BuildingB_Floor1,TypeC
1000,2025-04-09 17:58:37,21.78,55.26,BuildingB_Floor2,TypeA
1074,2025-04-11 14:17:11,33.72,79.86,BuildingA_Floor1,TypeA
1100,2025-04-06 17:50:24,19.87,67.35,BuildingB_Floor1,TypeA
1096,2025-04-07 01:11:30,23.81,61.1,BuildingA_Floor2,TypeC
1033,2025-04-11 02:11:16,20.5,45.08,BuildingA_Floor2,TypeB
1046,2025-04-08 13:14:36,33.37,62.62,BuildingB_Floor2,TypeB
1031,2025-04-11 07:08:24,18.93,75.29,BuildingB_Floor1,TypeA
1019,2025-04-07 15:57:54,16.99,73.65,BuildingB_Floor2,TypeB
1050,2025-04-07 15:08:52,29.02,75.98,BuildingB_Floor2,TypeC
1075,2025-04-07 10:46:38,21.37,39.55,BuildingA_Floor1,TypeA
1030,2025-04-07 15:24:43,15.51,66.95,BuildingA_Floor2,TypeB
1034,2025-04-08 06:34:29,34.95,50.15,BuildingA_Floor1,TypeA
1046,2025-04-11 05:43:49,31.3,55.06,BuildingB_Floor2,TypeC
1042,2025-04-10 11:44:35,34.04,42.0,BuildingB_Floor1,TypeC
1011,2025-04-10 02:39:51,31.3,51.47,BuildingA_Floor2,TypeB
1095,2025-04-09 09:12:27,19.35,79.92,BuildingB_Floor2,TypeA
1035,2025-04-08 08:50:37,16.26,70.82,BuildingB_Floor1,TypeB
1008,2025-04-07 19:49:55,31.91,36.75,BuildingB_Floor1,TypeA
1051,2025-04-09 12:57:23,29.04,78.01,BuildingA_Floor2,TypeA
1040,2025-04-10 01:00:13,30.34,72.54,BuildingB_Floor1,TypeC
1063,2025-04-08 05:23:47,19.75,33.89,BuildingB_Floor1,TypeA
1081,2025-04-09 02:15:50,21.37,61.54,BuildingA_Floor2,TypeC
1079,2025-04-07 07:08:13,25.32,45.43,BuildingA_Floor2,TypeB
1075,2025-04-07 18:40:36,32.52,53.51,BuildingB_Floor2,TypeB
1045,2025-04-10 06:24:46,16.87,44.52,BuildingA_Floor1,TypeA
1097,2025-04-11 13:54:21,32.06,54.09,BuildingA_Floor1,TypeC
1078,2025-04-07 17:50:59,31.47,38.2,BuildingA_Floor2,TypeA
1094,2025-04-10 14:28:35,26.51,72.58,BuildingB_Floor2,TypeA
1014,2025-04-08 21:43:42,34.83,78.26,BuildingA_Floor2,TypeC
1094,2025-04-10 17:25:50,33.33,48.74,BuildingB_Floor2,TypeB
1018,2025-04-08 11:32:28,31.76,41.37,BuildingA_Floor2,TypeB
1016,2025-04-08 19:56:24,25.3,74.81,BuildingA_Floor2,TypeC
1017,2025-04-07 23:22:24,17.32,79.07,BuildingA_Floor1,TypeA
1052,2025-04-08 06:19:25,22.7,57.45,BuildingB_Floor2,TypeA
1070,2025-04-07 08:51:22,30.42,50.73,BuildingB_Floor1,TypeA
1007,2025-04-10 18:08:06,33.54,65.76,BuildingA_Floor2,TypeA
1071,2025-04-07 12:26:28,27.01,54.41,BuildingA_Floor1,TypeA
1045,2025-04-09 11:09:09,30.2,35.02,BuildingB_Floor1,TypeC
1095,2025-04-07 10:10:18,34.21,67.77,BuildingB_Floor2,TypeC
1001,2025-04-08 20:14:11,18.43,35.96,BuildingB_Floor2,TypeC
1052,2025-04-09 16:43:06,23.08,58.6,BuildingA_Floor2,TypeB
1010,2025-04-07 19:40:48,25.2,66.78,BuildingA_Floor1,TypeA
1033,2025-04-07 03:45:00,27.07,67.2,BuildingB_Floor1,TypeA
1090,2025-04-09 17:38:45,23.13,69.95,BuildingB_Floor1,TypeC
1081,2025-04-09 20:05:50,16.26,68.18,BuildingA_Floor1,TypeC
1100,2025-04-11 11:44:16,29.33,77.43,BuildingB_Floor1,TypeB
1006,2025-04-08 11:02:31,22.26,33.47,BuildingA_Floor2,TypeA
1081,2025-04-07 06:45:53,25.33,77.91,BuildingA_Floor2,TypeA
1096,2025-04-08 07:42:01,18.76,69.57,BuildingB_Floor2,TypeA
1071,2025-04-08 14:38:22,27.05,49.62,BuildingB_Floor1,TypeB
1001,2025-04-09 06:41:32,17.63,76.25,BuildingA_Floor1,TypeB
1052,2025-04-09 21:12:31,20.42,39.2,BuildingB_Floor1,TypeB
1012,2025-04-07 14:23:20,19.08,57.61,BuildingA_Floor1,TypeB
1045,2025-04-11 12:04:06,22.48,52.5,BuildingB_Floor1,TypeC
1097,2025-04-11 07:38:52,17.7,71.76,BuildingA_Floor1,TypeA
1044,2025-04-10 12:14:47,26.64,36.35,BuildingB_Floor2,TypeA
1083,2025-04-11 08:14:42,18.48,49.77,BuildingA_Floor2,TypeA
1077,2025-04-10 19:35:35,24.21,48.7,BuildingA_Floor1,TypeB
1039,2025-04-07 23:28:27,15.79,48.69,BuildingA_Floor2,TypeA
1030,2025-04-11 06:26:57,33.43,45.19,BuildingB_Floor2,TypeB
1036,2025-04-07 02:29:28,26.89,30.58,BuildingB_Floor1,TypeB
1066,2025-04-08 03:21:16,23.36,69.64,BuildingA_Floor1,TypeA
1035,2025-04-07 06:58:54,19.94,68.69,BuildingB_Floor2,TypeC
1020,2025-04-07 15:07:02,20.33,46.64,BuildingB_Floor1,TypeA
1034,2025-04-10 22:36:09,16.7,78.51,BuildingB_Floor2,TypeC
1095,2025-04-11 04:10:15,34.12,45.39,BuildingB_Floor1,TypeA
1036,2025-04-08 13:04:39,31.11,74.01,BuildingB_Floor2,TypeC
1062,2025-04-11 14:47:16,22.72,76.81,BuildingB_Floor2,TypeC
1005,2025-04-07 02:52:38,25.34,46.07,BuildingB_Floor1,TypeB
1076,2025-04-07 13:49:00,29.08,37.59,BuildingB_Floor1,TypeA
1065,2025-04-08 10:38:50,15.9,70.59,BuildingB_Floor1,TypeA
1048,2025-04-07 23:10:34,25.77,67.83,BuildingA_Floor1,TypeA
1041,2025-04-06 18:46:29,28.23,52.29,BuildingA_Floor2,TypeA
1079,2025-04-07 05:21:12,19.3,32.81,BuildingA_Floor2,TypeC
1038,2025-04-11 14:41:05,26.12,65.49,BuildingA_Floor2,TypeA
1038,2025-04-06 23:13:07,25.56,50.1,BuildingA_Floor1,TypeC
1063,2025-04-10 05:14:03,27.4,52.6,BuildingB_Floor1,TypeA
1010,2025-04-09 13:50:37,26.25,65.87,BuildingA_Floor2,TypeB
1001,2025-04-10 13:55:40,21.18,55.9,BuildingA_Floor1,TypeB
1055,2025-04-09 13:12:02,28.07,67.89,BuildingB_Floor1,TypeB
1069,2025-04-09 21:49:37,24.37,77.18,BuildingB_Floor1,TypeA
1016,2025-04-10 19:52:15,23.53,38.6,BuildingB_Floor2,TypeA
1044,2025-04-06 21:32:21,24.26,30.73,BuildingB_Floor1,TypeC
1057,2025-04-10 16:34:39,21.33,52.71,BuildingA_Floor1,TypeB
1033,2025-04-10 18:15:06,16.72,60.41,BuildingA_Floor1,TypeC
1049,2025-04-10 23:27:10,15.26,44.76,BuildingA_Floor2,TypeB
1020,2025-04-11 12:21:33,26.74,40.66,BuildingA_Floor1,TypeB
1012,2025-04-10 04:50:28,31.72,40.28,BuildingB_Floor1,TypeA
1088,2025-04-11 10:03:35,29.11,70.85,BuildingA_Floor2,TypeB
1049,2025-04-11 06:39:34,25.48,70.46,BuildingA_Floor1,TypeA
1058,2025-04-07 19:23:41,23.09,51.5,BuildingB_Floor2,TypeC
1011,2025-04-09 06:51:34,20.69,52.54,BuildingB_Floor1,TypeC
1026,2025-04-08 06:36:58,33.87,73.7,BuildingA_Floor1,TypeA
1094,2025-04-06 21:28:35,29.08,36.41,BuildingA_Floor1,TypeA
1031,2025-04-07 11:32:04,22.16,34.95,BuildingB_Floor2,TypeC
1092,2025-04-09 02:34:59,15.77,43.11,BuildingA_Floor1,TypeB
1085,2025-04-08 02:18:39,21.44,70.29,BuildingA_Floor2,TypeB
1049,2025-04-10 19:12:44,31.19,42.59,BuildingA_Floor1,TypeC
1031,2025-04-11 01:21:42,29.43,30.03,BuildingB_Floor2,TypeC
1031,2025-04-10 23:14:19,28.47,46.68,BuildingA_Floor2,TypeB
1020,2025-04-07 10:08:36,22.64,44.35,BuildingB_Floor2,TypeC
1019,2025-04-09 20:33:55,33.44,70.41,BuildingA_Floor2,TypeB
1011,2025-04-06 16:45:24,19.44,75.49,BuildingB_Floor2,TypeC
1017,2025-04-06 18:52:39,20.88,73.96,BuildingA_Floor2,TypeB
1094,2025-04-09 06:04:58,18.26,45.1,BuildingA_Floor2,TypeA
1035,2025-04-07 10:00:31,27.98,58.59,BuildingA_Floor1,TypeB
1028,2025-04-11 06:36:10,19.91,54.63,BuildingA_Floor1,TypeC
1063,2025-04-08 08:59:18,32.04,36.54,BuildingB_Floor1,TypeA
1004,2025-04-07 06:34:18,27.45,41.35,BuildingB_Floor1,TypeA
1081,2025-04-07 12:15:34,27.37,73.63,BuildingA_Floor1,TypeA
1100,2025-04-06 22:20:28,33.29,48.61,BuildingA_Floor2,TypeB
1092,2025-04-07 08:39:26,23.27,36.6,BuildingB_Floor1,TypeC
1076,2025-04-11 04:49:31,34.92,38.37,BuildingA_Floor2,TypeA
1020,2025-04-07 16:38:10,31.07,45.56,BuildingA_Floor1,TypeB
1085,2025-04-10 17:07:12,24.16,78.87,BuildingA_Floor1,TypeC
1051,2025-04-09 09:05:50,23.74,77.37,BuildingA_Floor2,TypeA
1033,2025-04-08 01:56:53,19.08,54.34,BuildingA_Floor2,TypeC
1033,2025-04-07 23:50:35,20.99,78.46,BuildingA_Floor2,TypeA
1025,2025-04-09 03:04:42,23.79,67.33,BuildingA_Floor1,TypeB
1035,2025-04-09 07:50:29,18.53,73.42,BuildingA_Floor2,TypeA
1078,2025-04-09 15:44:53,21.33,76.25,BuildingA_Floor2,TypeB
1049,2025-04-07 18:02:31,26.74,31.75,BuildingA_Floor2,TypeB
1039,2025-04-08 16:27:20,24.46,79.14,BuildingA_Floor1,TypeB
1049,2025-04-09 11:16:43,20.96,42.77,BuildingB_Floor1,TypeB
1098,2025-04-08 15:08:03,27.82,49.75,BuildingB_Floor2,TypeA
1046,2025-04-11 07:05:16,33.76,55.34,BuildingB_Floor1,TypeC
1034,2025-04-11 02:25:42,17.61,61.68,BuildingB_Floor2,TypeA
1078,2025-04-08 07:40:29,28.97,49.9,BuildingA_Floor2,TypeB
1076,2025-04-08 15:05:26,23.31,76.06,BuildingA_Floor1,TypeB
1082,2025-04-06 23:35:25,17.24,62.56,BuildingA_Floor2,TypeC
1073,2025-04-09 10:41:11,21.74,47.96,BuildingA_Floor2,TypeB
1065,2025-04-08 23:42:03,17.69,41.05,BuildingA_Floor2,TypeA
1033,2025-04-09 10:43:28,19.84,43.03,BuildingB_Floor2,TypeC
1013,2025-04-09 00:19:57,32.35,61.9,BuildingB_Floor2,TypeB
1047,2025-04-08 17:34:41,31.97,51.69,BuildingB_Floor1,TypeB
1090,2025-04-07 18:09:45,21.18,53.94,BuildingA_Floor2,TypeB
1007,2025-04-07 10:39:39,24.23,58.88,BuildingA_Floor2,TypeA
1018,2025-04-09 11:57:26,18.06,65.89,BuildingB_Floor2,TypeB
1048,2025-04-11 08:48:47,30.25,41.22,BuildingB_Floor2,TypeA
1091,2025-04-07 19:41:14,16.82,77.8,BuildingB_Floor1,TypeB
1066,2025-04-09 03:22:34,18.58,79.97,BuildingA_Floor1,TypeC
1004,2025-04-09 16:34:35,23.41,53.22,BuildingA_Floor2,TypeB
1046,2025-04-07 10:16:59,25.53,60.43,BuildingA_Floor2,TypeA
1088,2025-04-09 20:36:59,25.3,66.36,BuildingA_Floor2,TypeB
1008,2025-04-11 14:40:44,25.64,31.07,BuildingB_Floor2,TypeA
1016,2025-04-10 23:11:26,21.96,37.59,BuildingA_Floor1,TypeC
1064,2025-04-10 03:10:03,17.61,55.1,BuildingA_Floor2,TypeA
1010,2025-04-10 11:01:52,30.53,31.08,BuildingA_Floor1,TypeC
1018,2025-04-08 15:14:29,20.96,48.54,BuildingA_Floor1,TypeA
1056,2025-04-10 03:54:21,31.29,52.47,BuildingA_Floor1,TypeA
1045,2025-04-07 13:40:34,29.85,52.57,BuildingB_Floor1,TypeA
1058,2025-04-11 04:39:46,21.1,58.04,BuildingA_Floor2,TypeB
1003,2025-04-10 00:31:42,26.53,60.97,BuildingA_Floor2,TypeA
1005,2025-04-09 16:32:26,31.95,38.54,BuildingB_Floor1,TypeA
1040,2025-04-10 00:38:51,19.66,50.33,BuildingA_Floor2,TypeA
1003,2025-04-07 03:41:04,28.62,43.73,BuildingA_Floor2,TypeC
1070,2025-04-09 12:06:58,28.83,79.32,BuildingB_Floor1,TypeB
1036,2025-04-10 06:24:44,19.74,37.95,BuildingA_Floor1,TypeC
1077,2025-04-10 05:48:26,31.49,73.02,BuildingA_Floor2,TypeA
1083,2025-04-06 23:25:48,15.22,66.01,BuildingB_Floor2,TypeA
1052,2025-04-10 01:51:37,15.1,34.35,BuildingA_Floor1,TypeA
1062,2025-04-07 04:01:01,25.35,48.37,BuildingB_Floor2,TypeC
1028,2025-04-07 06:02:12,25.85,52.71,BuildingA_Floor2,TypeA
1034,2025-04-07 20:28:38,19.4,50.58,BuildingB_Floor2,TypeB
1030,2025-04-09 18:56:53,34.63,75.49,BuildingA_Floor2,TypeA
1014,2025-04-10 09:09:33,32.86,43.64,BuildingA_Floor2,TypeB
1050,2025-04-10 06:18:06,29.4,64.61,BuildingB_Floor1,TypeA
1071,2025-04-09 21:41:40,24.37,58.39,BuildingB_Floor2,TypeC
1059,2025-04-11 07:53:13,18.1,41.96,BuildingB_Floor2,TypeA
1084,2025-04-08 15:57:17,25.46,75.93,BuildingA_Floor2,TypeB
1064,2025-04-09 13:19:47,17.98,72.56,BuildingA_Floor1,TypeC
1031,2025-04-09 09:49:56,18.75,62.03,BuildingB_Floor2,TypeB
1061,2025-04-09 18:15:15,28.8,36.7,BuildingA_Floor1,TypeC
1000,2025-04-11 00:45:28,31.7,53.25,BuildingA_Floor2,TypeA
1011,2025-04-09 11:36:50,27.5,35.63,BuildingA_Floor1,TypeA
1094,2025-04-09 19:15:15,16.15,74.47,BuildingA_Floor1,TypeA
1047,2025-04-09 23:18:39,31.14,44.18,BuildingB_Floor1,TypeB
1030,2025-04-10 05:56:44,28.04,66.21,BuildingB_Floor2,TypeC
1053,2025-04-08 14:30:05,28.09,66.39,BuildingA_Floor1,TypeC
1042,2025-04-06 18:36:50,26.58,55.75,BuildingB_Floor2,TypeB
1059,2025-04-07 02:16:54,32.52,50.74,BuildingB_Floor2,TypeA
1088,2025-04-11 13:05:10,18.16,60.6,BuildingA_Floor1,TypeA
1032,2025-04-10 12:45:03,28.98,47.83,BuildingB_Floor1,TypeC
1093,2025-04-09 08:17:08,31.27,60.6,BuildingB_Floor1,TypeC
1001,2025-04-10 16:33:18,18.12,78.45,BuildingB_Floor2,TypeA
1055,2025-04-06 16:53:44,16.98,62.05,BuildingA_Floor1,TypeB
1076,2025-04-08 15:16:10,23.02,77.76,BuildingB_Floor2,TypeA
1006,2025-04-11 10:37:08,15.14,39.62,BuildingA_Floor2,TypeB
1005,2025-04-09 03:16:57,18.53,31.21,BuildingB_Floor1,TypeB
1022,2025-04-09 18:22:12,33.69,47.91,BuildingB_Floor1,TypeA
1018,2025-04-08 19:39:22,26.33,47.29,BuildingA_Floor2,TypeB
1024,2025-04-11 09:48:17,17.26,62.83,BuildingB_Floor2,TypeB
1000,2025-04-07 23:24:27,16.93,55.41,BuildingA_Floor2,TypeA
1036,2025-04-10 11:37:43,29.47,40.29,BuildingB_Floor1,TypeC
1096,2025-04-08 23:11:36,30.63,78.62,BuildingA_Floor2,TypeC
1065,2025-04-07 09:05:35,33.97,62.34,BuildingA_Floor2,TypeA
1058,2025-04-10 00:49:26,15.77,58.19,BuildingA_Floor2,TypeA
1038,2025-04-08 02:05:12,18.98,32.53,BuildingA_Floor2,TypeC
1087,2025-04-11 14:54:42,24.28,37.45,BuildingA_Floor1,TypeA
1037,2025-04-07 20:09:23,30.96,74.21,BuildingA_Floor2,TypeA
1031,2025-04-06 23:00:17,16.56,71.05,BuildingA_Floor1,TypeC
1070,2025-04-07 06:33:05,18.69,66.28,BuildingB_Floor1,TypeB
1006,2025-04-07 20:15:10,18.79,56.94,BuildingA_Floor2,TypeA
1066,2025-04-11 02:48:17,25.94,79.88,BuildingB_Floor2,TypeC
1021,2025-04-09 08:39:25,18.6,52.51,BuildingB_Floor1,TypeA
1075,2025-04-06 20:01:23,21.24,68.49,BuildingB_Floor1,TypeA
1080,2025-04-08 16:34:33,34.24,37.57,BuildingA_Floor2,TypeC
1013,2025-04-08 20:57:26,25.76,58.32,BuildingB_Floor2,TypeB
1023,2025-04-10 18:01:37,27.09,36.62,BuildingA_Floor2,TypeC
1065,2025-04-08 07:47:26,25.58,57.91,BuildingB_Floor1,TypeC
1065,2025-04-08 08:47:41,16.15,77.06,BuildingA_Floor2,TypeC
1042,2025-04-09 00:03:31,22.21,67.36,BuildingA_Floor1,TypeA
1001,2025-04-10 10:58:13,20.95,36.64,BuildingA_Floor2,TypeB
1085,2025-04-11 02:31:07,16.08,37.98,BuildingB_Floor2,TypeC
1056,2025-04-07 13:22:45,24.03,47.87,BuildingB_Floor1,TypeB
1057,2025-04-09 11:31:05,18.41,57.44,BuildingB_Floor2,TypeA
1041,2025-04-10 08:19:40,19.07,38.13,BuildingB_Floor2,TypeC
1079,2025-04-09 16:51:29,22.48,52.38,BuildingA_Floor1,TypeA
1068,2025-04-11 02:46:04,31.51,60.25,BuildingA_Floor2,TypeC
1100,2025-04-08 21:36:31,18.44,36.13,BuildingA_Floor2,TypeA
1082,2025-04-11 01:12:14,28.03,63.08,BuildingA_Floor2,TypeA
1080,2025-04-11 02:56:32,23.97,33.29,BuildingA_Floor1,TypeB
1067,2025-04-11 07:35:37,34.77,50.47,BuildingB_Floor1,TypeB
1009,2025-04-09 14:05:21,20.05,65.92,BuildingB_Floor2,TypeC
1059,2025-04-07 21:07:42,21.36,49.05,BuildingB_Floor1,TypeC
1056,2025-04-09 13:51:03,25.28,45.99,BuildingA_Floor2,TypeC
1008,2025-04-07 07:09:44,17.78,31.25,BuildingA_Floor1,TypeC
1082,2025-04-11 13:44:17,29.6,60.35,BuildingA_Floor2,TypeB
1002,2025-04-10 10:24:11,29.1,38.6,BuildingA_Floor1,TypeB
1088,2025-04-10 00:57:07,30.15,32.74,BuildingA_Floor2,TypeC
1088,2025-04-09 15:56:29,33.62,67.0,BuildingB_Floor1,TypeA
1084,2025-04-11 02:45:52,17.05,53.51,BuildingB_Floor1,TypeA
1002,2025-04-11 06:09:58,25.77,37.09,BuildingB_Floor1,TypeB
1065,2025-04-10 18:58:12,25.0,47.08,BuildingA_Floor1,TypeC
1029,2025-04-11 08:17:34,15.34,53.93,BuildingB_Floor1,TypeB
1017,2025-04-10 10:47:05,30.36,39.63,BuildingA_Floor1,TypeB
1052,2025-04-10 07:26:57,19.43,60.0,BuildingB_Floor2,TypeB
1072,2025-04-10 18:38:52,28.01,30.55,BuildingA_Floor1,TypeC
1007,2025-04-11 05:20:06,22.23,36.49,BuildingB_Floor1,TypeA
1006,2025-04-10 17:01:46,26.59,41.98,BuildingA_Floor1,TypeC
1046,2025-04-10 20:37:42,31.8,42.29,BuildingB_Floor2,TypeC
1011,2025-04-11 14:50:33,26.98,50.1,BuildingB_Floor2,TypeC
1023,2025-04-11 03:46:37,23.29,53.64,BuildingB_Floor2,TypeB
1080,2025-04-10 09:02:08,34.06,71.37,BuildingB_Floor2,TypeC
1029,2025-04-08 16:48:16,29.25,54.27,BuildingB_Floor1,TypeC
1068,2025-04-10 19:01:42,25.12,72.62,BuildingB_Floor2,TypeA
1022,2025-04-08 22:39:19,23.53,46.62,BuildingA_Floor1,TypeB
1096,2025-04-08 02:27:09,18.0,60.46,BuildingB_Floor1,TypeC
1091,2025-04-07 23:32:36,19.14,30.12,BuildingA_Floor1,TypeB
1039,2025-04-10 18:30:53,18.35,73.29,BuildingB_Floor1,TypeC
1087,2025-04-09 02:11:53,33.89,40.44,BuildingB_Floor2,TypeC
1025,2025-04-07 08:15:52,25.57,75.4,BuildingB_Floor1,TypeB
1070,2025-04-09 16:42:19,30.81,53.3,BuildingB_Floor1,TypeC
1091,2025-04-10 00:51:43,24.49,46.57,BuildingB_Floor1,TypeA
1043,2025-04-10 06:04:06,26.07,31.02,BuildingA_Floor1,TypeA
1077,2025-04-10 10:00:58,25.69,57.32,BuildingB_Floor1,TypeB
1075,2025-04-11 04:11:15,31.88,41.12,BuildingA_Floor1,TypeA
1010,2025-04-08 10:28:49,32.12,45.95,BuildingB_Floor2,TypeB
1041,2025-04-10 05:28:46,18.13,47.24,BuildingB_Floor2,TypeA
1085,2025-04-09 21:10:29,20.88,40.99,BuildingA_Floor1,TypeC
1005,2025-04-09 17:20:40,19.73,71.41,BuildingB_Floor1,TypeB
1074,2025-04-11 06:39:22,21.52,32.57,BuildingA_Floor1,TypeB
1014,2025-04-08 07:25:50,30.68,52.35,BuildingA_Floor2,TypeB
1010,2025-04-07 10:58:59,30.5,43.33,BuildingB_Floor2,TypeC
1036,2025-04-07 20:52:39,15.44,33.18,BuildingB_Floor2,TypeA
1096,2025-04-10 11:11:16,32.64,37.17,BuildingA_Floor2,TypeB
1027,2025-04-09 23:30:33,21.57,64.05,BuildingA_Floor2,TypeB
1074,2025-04-11 14:13:52,33.09,55.78,BuildingB_Floor1,TypeC
1073,2025-04-11 10:35:27,23.0,78.65,BuildingB_Floor1,TypeB
1038,2025-04-10 05:25:51,28.02,78.62,BuildingB_Floor2,TypeA
1096,2025-04-08 05:16:28,23.38,69.87,BuildingB_Floor1,TypeB
1052,2025-04-07 02:48:37,24.18,59.95,BuildingA_Floor1,TypeC
1021,2025-04-08 10:44:15,31.14,48.97,BuildingA_Floor2,TypeB
1096,2025-04-11 00:24:59,22.82,34.94,BuildingB_Floor2,TypeA
1009,2025-04-10 03:38:32,20.27,54.91,BuildingB_Floor1,TypeA
1100,2025-04-08 10:40:34,30.67,51.87,BuildingA_Floor2,TypeC
1089,2025-04-09 13:41:38,29.87,33.72,BuildingB_Floor2,TypeB
1024,2025-04-09 15:35:01,20.21,66.05,BuildingB_Floor2,TypeB
1097,2025-04-09 05:10:16,19.96,39.44,BuildingB_Floor2,TypeA
1003,2025-04-08 20:07:41,17.72,46.7,BuildingA_Floor1,TypeC
1068,2025-04-09 05:29:34,28.6,46.26,BuildingB_Floor2,TypeB
1082,2025-04-09 09:18:50,19.33,37.63,BuildingB_Floor2,TypeC
1082,2025-04-11 09:34:02,28.65,79.82,BuildingB_Floor1,TypeC
1062,2025-04-10 05:36:55,23.16,47.53,BuildingB_Floor2,TypeB
1047,2025-04-07 17:58:26,15.8,74.31,BuildingA_Floor2,TypeA
1051,2025-04-09 15:20:56,19.65,71.97,BuildingA_Floor1,TypeC
1066,2025-04-10 11:50:22,24.09,55.76,BuildingA_Floor1,TypeB
1035,2025-04-09 14:34:44,20.02,43.25,BuildingB_Floor2,TypeA
1078,2025-04-09 12:02:26,22.02,47.34,BuildingB_Floor2,TypeA
1043,2025-04-09 01:45:01,16.59,63.02,BuildingB_Floor1,TypeB
1006,2025-04-08 05:05:14,30.44,48.16,BuildingA_Floor2,TypeA
1015,2025-04-06 18:03:02,16.18,63.93,BuildingA_Floor1,TypeC
1055,2025-04-08 21:53:42,28.81,77.05,BuildingA_Floor1,TypeC
1013,2025-04-10 01:57:18,21.21,41.06,BuildingB_Floor1,TypeA
1052,2025-04-08 19:50:42,33.83,33.3,BuildingB_Floor1,TypeA
1047,2025-04-10 00:54:46,22.79,59.94,BuildingB_Floor2,TypeA
1035,2025-04-11 06:57:28,27.1,59.36,BuildingA_Floor1,TypeC
1035,2025-04-08 23:41:02,32.64,70.71,BuildingB_Floor2,TypeA
1009,2025-04-11 11:18:48,15.15,38.89,BuildingA_Floor2,TypeB
1045,2025-04-07 09:19:35,21.42,72.03,BuildingB_Floor1,TypeA
1038,2025-04-06 23:38:51,30.0,57.42,BuildingA_Floor1,TypeB
1006,2025-04-08 22:03:39,22.01,34.72,BuildingA_Floor1,TypeC
1047,2025-04-06 17:02:46,26.19,44.69,BuildingB_Floor1,TypeA
1025,2025-04-09 17:16:29,19.23,65.03,BuildingB_Floor1,TypeC
1025,2025-04-09 22:59:46,22.15,66.45,BuildingA_Floor1,TypeC
1000,2025-04-10 23:38:24,32.89,76.28,BuildingB_Floor1,TypeC
1069,2025-04-08 22:01:21,16.31,59.42,BuildingA_Floor1,TypeC
1070,2025-04-08 05:28:44,21.47,70.03,BuildingB_Floor1,TypeA
1088,2025-04-06 16:32:28,32.27,34.5,BuildingA_Floor1,TypeA
1100,2025-04-11 06:22:40,27.41,69.63,BuildingA_Floor1,TypeA
1021,2025-04-08 07:40:44,30.85,54.05,BuildingA_Floor2,TypeA
1011,2025-04-09 20:22:33,20.23,45.4,BuildingA_Floor2,TypeB
1029,2025-04-07 18:38:27,32.78,33.3,BuildingB_Floor1,TypeC
1059,2025-04-08 15:52:21,18.37,77.49,BuildingB_Floor2,TypeA
1079,2025-04-11 09:01:10,22.58,65.35,BuildingB_Floor1,TypeB
1025,2025-04-07 08:17:19,16.48,66.56,BuildingB_Floor2,TypeA
1078,2025-04-08 11:55:43,22.43,63.9,BuildingB_Floor2,TypeB
1097,2025-04-09 00:40:22,15.14,77.74,BuildingB_Floor2,TypeB
1024,2025-04-11 06:33:54,16.29,54.63,BuildingB_Floor1,TypeA
1048,2025-04-07 04:12:37,20.31,48.28,BuildingA_Floor2,TypeA
1079,2025-04-08 22:47:29,28.62,68.37,BuildingB_Floor2,TypeB
1061,2025-04-11 11:47:02,30.97,37.46,BuildingB_Floor1,TypeB
1010,2025-04-07 20:56:44,30.28,48.17,BuildingB_Floor2,TypeA
1011,2025-04-06 17:26:41,34.73,61.14,BuildingA_Floor1,TypeC
1020,2025-04-07 14:12:47,22.99,58.69,BuildingB_Floor1,TypeB
1089,2025-04-11 08:07:11,30.11,61.22,BuildingB_Floor2,TypeC
1029,2025-04-09 07:15:30,33.59,49.25,BuildingA_Floor1,TypeB
1033,2025-04-07 11:50:00,28.18,71.96,BuildingA_Floor1,TypeC
1003,2025-04-11 02:53:17,24.66,44.25,BuildingA_Floor1,TypeB
1057,2025-04-09 13:18:05,24.21,58.6,BuildingA_Floor2,TypeB
1075,2025-04-09 21:53:59,33.47,38.99,BuildingA_Floor2,TypeB
1075,2025-04-10 22:26:59,20.02,50.8,BuildingA_Floor2,TypeB
1056,2025-04-07 02:16:37,31.6,42.5,BuildingA_Floor1,TypeA
1028,2025-04-11 04:09:06,29.62,58.74,BuildingA_Floor2,TypeB
1017,2025-04-07 09:30:17,16.38,68.85,BuildingA_Floor1,TypeA
1019,2025-04-08 15:36:37,23.09,57.57,BuildingA_Floor2,TypeC
1060,2025-04-08 04:09:26,25.9,46.39,BuildingB_Floor1,TypeB
1029,2025-04-07 01:14:13,29.9,78.48,BuildingA_Floor2,TypeA
1097,2025-04-11 02:06:37,22.07,49.8,BuildingA_Floor2,TypeA
1077,2025-04-08 19:31:56,22.8,56.56,BuildingB_Floor1,TypeA
1075,2025-04-08 07:03:34,34.65,33.14,BuildingA_Floor1,TypeC
1008,2025-04-10 12:15:32,34.88,67.28,BuildingB_Floor1,TypeB
1095,2025-04-07 15:24:17,18.02,52.56,BuildingB_Floor1,TypeB
1049,2025-04-07 11:09:14,33.48,40.08,BuildingA_Floor1,TypeB
1033,2025-04-08 21:34:22,34.88,62.41,BuildingA_Floor1,TypeA
1081,2025-04-09 01:44:11,26.25,52.19,BuildingA_Floor2,TypeB
1067,2025-04-10 05:15:39,18.84,32.98,BuildingB_Floor1,TypeB
1098,2025-04-10 14:13:12,26.91,49.56,BuildingA_Floor1,TypeB
1009,2025-04-06 20:23:41,19.27,55.58,BuildingA_Floor1,TypeB
1062,2025-04-09 06:51:55,20.93,61.11,BuildingB_Floor1,TypeA
1055,2025-04-09 01:57:25,31.4,57.49,BuildingA_Floor2,TypeB
1070,2025-04-08 06:53:03,28.28,72.73,BuildingA_Floor2,TypeB
1053,2025-04-08 01:13:15,34.67,64.96,BuildingA_Floor1,TypeB
1077,2025-04-11 14:46:21,31.78,67.08,BuildingB_Floor1,TypeA
1054,2025-04-09 14:42:42,33.3,52.26,BuildingA_Floor1,TypeC
1032,2025-04-08 02:19:06,24.33,52.82,BuildingA_Floor1,TypeB
1024,2025-04-08 03:42:09,17.48,71.19,BuildingA_Floor2,TypeA
1090,2025-04-11 08:30:23,32.39,66.05,BuildingA_Floor1,TypeB
1020,2025-04-10 05:30:40,24.89,58.74,BuildingA_Floor2,TypeA
1018,2025-04-07 04:38:04,28.37,40.03,BuildingB_Floor2,TypeA
1063,2025-04-11 08:07:41,31.15,66.38,BuildingA_Floor2,TypeB
1033,2025-04-07 10:27:27,27.42,40.46,BuildingA_Floor2,TypeC
1093,2025-04-08 02:29:21,15.08,70.56,BuildingA_Floor2,TypeC
1067,2025-04-08 07:14:45,22.59,77.55,BuildingA_Floor2,TypeA
1082,2025-04-09 14:05:04,27.86,64.56,BuildingA_Floor2,TypeC
1019,2025-04-11 06:56:23,29.37,42.63,BuildingA_Floor2,TypeC
1049,2025-04-11 06:48:30,33.71,34.28,BuildingA_Floor2,TypeA
1092,2025-04-07 14:49:24,34.39,64.46,BuildingB_Floor2,TypeC
1028,2025-04-08 00:54:43,24.37,34.28,BuildingA_Floor2,TypeA
1048,2025-04-07 14:17:11,34.78,47.16,BuildingB_Floor1,TypeA
1041,2025-04-11 14:11:02,32.94,72.29,BuildingA_Floor2,TypeB
1072,2025-04-06 22:36:36,28.71,37.76,BuildingB_Floor1,TypeA
1088,2025-04-07 10:38:19,28.41,58.64,BuildingB_Floor2,TypeA
1042,2025-04-08 06:09:55,27.14,36.87,BuildingB_Floor1,TypeB
1069,2025-04-08 23:21:31,27.68,65.29,BuildingA_Floor1,TypeC
1018,2025-04-08 11:14:33,30.36,75.89,BuildingA_Floor2,TypeC
1036,2025-04-08 18:15:37,24.06,37.34,BuildingA_Floor1,TypeC
1021,2025-04-10 06:31:32,17.61,39.28,BuildingA_Floor1,TypeC
1072,2025-04-08 12:11:36,23.1,38.64,BuildingA_Floor1,TypeC
1057,2025-04-08 00:55:53,27.85,78.02,BuildingB_Floor1,TypeB
1032,2025-04-09 23:59:30,29.12,30.81,BuildingA_Floor2,TypeC
1027,2025-04-07 07:46:43,30.81,36.3,BuildingA_Floor2,TypeA
1043,2025-04-10 01:47:48,32.8,65.2,BuildingA_Floor2,TypeC
1020,2025-04-06 20:28:38,20.79,37.79,BuildingA_Floor1,TypeA
1097,2025-04-10 01:03:37,28.95,52.3,BuildingB_Floor2,TypeA
1015,2025-04-10 11:30:53,26.51,60.8,BuildingB_Floor2,TypeA
1070,2025-04-10 22:11:54,27.01,78.15,BuildingA_Floor2,TypeC
1067,2025-04-07 07:39:57,24.33,61.35,BuildingA_Floor1,TypeB
1085,2025-04-09 16:17:12,17.07,37.4,BuildingB_Floor1,TypeB
1096,2025-04-09 20:12:40,33.32,61.19,BuildingB_Floor2,TypeB
1013,2025-04-08 06:35:41,21.4,53.5,BuildingB_Floor1,TypeC
1080,2025-04-08 00:59:14,26.46,79.18,BuildingA_Floor2,TypeA
1032,2025-04-07 15:19:48,27.51,35.08,BuildingA_Floor2,TypeC
1042,2025-04-08 01:59:02,15.82,78.04,BuildingB_Floor1,TypeB
1093,2025-04-11 13:12:53,23.84,55.35,BuildingA_Floor2,TypeC
1071,2025-04-10 01:15:39,23.54,73.47,BuildingB_Floor2,TypeB
1054,2025-04-09 17:16:44,17.36,38.05,BuildingB_Floor2,TypeA
1100,2025-04-10 14:27:09,34.28,46.0,BuildingB_Floor1,TypeA
1046,2025-04-08 12:37:36,29.45,76.53,BuildingB_Floor1,TypeA
1100,2025-04-07 21:36:27,20.83,39.81,BuildingA_Floor1,TypeC
1023,2025-04-10 11:22:44,31.41,48.09,BuildingA_Floor2,TypeA
1088,2025-04-11 03:22:52,23.87,33.0,BuildingA_Floor2,TypeC
1032,2025-04-09 06:10:22,22.66,78.25,BuildingB_Floor1,TypeB
1050,2025-04-07 19:54:26,23.97,58.66,BuildingB_Floor1,TypeB
1077,2025-04-08 19:43:20,33.39,67.29,BuildingA_Floor1,TypeB
1056,2025-04-07 09:10:46,34.47,52.8,BuildingA_Floor2,TypeC
1067,2025-04-06 15:34:46,27.72,67.84,BuildingB_Floor2,TypeB
1058,2025-04-09 19:02:30,23.96,36.09,BuildingA_Floor2,TypeA
1049,2025-04-09 04:20:46,30.72,71.74,BuildingA_Floor2,TypeC
1066,2025-04-08 03:58:06,33.35,32.52,BuildingB_Floor1,TypeA
1062,2025-04-11 09:40:59,17.95,45.94,BuildingB_Floor1,TypeA
1025,2025-04-11 00:20:32,22.45,38.81,BuildingB_Floor1,TypeB
1011,2025-04-06 17:37:33,32.65,60.37,BuildingA_Floor1,TypeC
1031,2025-04-10 15:11:05,31.41,78.05,BuildingB_Floor1,TypeC
1057,2025-04-10 15:42:19,27.86,74.71,BuildingA_Floor2,TypeB
1069,2025-04-08 21:12:30,32.39,73.62,BuildingA_Floor2,TypeB
1003,2025-04-09 22:58:28,17.17,44.22,BuildingB_Floor1,TypeC
1025,2025-04-09 17:40:08,34.98,33.02,BuildingB_Floor2,TypeA
1053,2025-04-08 14:30:19,21.99,66.34,BuildingB_Floor2,TypeC
1095,2025-04-06 17:24:08,29.29,50.19,BuildingB_Floor1,TypeC
1069,2025-04-09 15:06:45,28.81,40.53,BuildingB_Floor1,TypeC
1091,2025-04-07 13:17:54,20.86,45.42,BuildingB_Floor1,TypeB
1038,2025-04-10 09:48:10,25.76,50.2,BuildingA_Floor2,TypeA
1073,2025-04-07 17:19:46,20.44,74.6,BuildingA_Floor2,TypeB
1067,2025-04-11 09:31:10,20.83,74.99,BuildingA_Floor2,TypeC
1030,2025-04-07 21:35:21,29.75,71.12,BuildingB_Floor2,TypeB
1019,2025-04-09 15:11:48,27.76,45.2,BuildingA_Floor2,TypeB
1057,2025-04-07 22:58:12,22.31,49.82,BuildingA_Floor1,TypeA
1000,2025-04-09 14:07:18,18.61,48.27,BuildingB_Floor2,TypeC
1084,2025-04-07 12:43:48,16.33,57.79,BuildingA_Floor2,TypeA
1037,2025-04-08 01:19:01,29.0,62.85,BuildingB_Floor2,TypeB
1056,2025-04-10 04:51:37,21.01,70.17,BuildingA_Floor1,TypeB
1082,2025-04-08 02:48:42,34.3,43.45,BuildingB_Floor1,TypeB
1032,2025-04-06 22:37:50,26.24,59.77,BuildingA_Floor2,TypeC
1074,2025-04-10 16:59:24,28.79,65.22,BuildingA_Floor2,TypeB
1081,2025-04-08 16:58:49,19.69,61.17,BuildingB_Floor2,TypeA
1052,2025-04-10 07:03:22,32.0,46.48,BuildingB_Floor2,TypeA
1100,2025-04-10 12:58:48,21.96,73.98,BuildingA_Floor1,TypeC
1013,2025-04-11 14:15:54,26.05,33.98,BuildingA_Floor1,TypeC
1036,2025-04-06 20:13:40,23.38,43.25,BuildingB_Floor1,TypeB
1070,2025-04-09 18:26:55,33.82,58.49,BuildingA_Floor1,TypeC
1049,2025-04-08 02:26:33,19.96,44.98,BuildingB_Floor1,TypeA
1015,2025-04-10 10:18:59,26.19,39.43,BuildingA_Floor1,TypeA
1080,2025-04-08 19:47:42,32.15,74.52,BuildingB_Floor2,TypeA
1019,2025-04-10 23:38:17,16.11,35.59,BuildingB_Floor1,TypeB
1055,2025-04-06 21:55:41,31.06,75.44,BuildingB_Floor1,TypeA
1008,2025-04-06 17:30:23,26.4,44.63,BuildingB_Floor1,TypeA
1080,2025-04-10 23:44:57,16.35,75.16,BuildingA_Floor2,TypeA
1020,2025-04-07 03:26:36,28.59,71.77,BuildingB_Floor1,TypeB
1078,2025-04-07 01:17:11,30.54,47.04,BuildingA_Floor1,TypeB
1014,2025-04-08 12:12:42,21.88,31.74,BuildingB_Floor1,TypeB
1089,2025-04-10 12:16:42,30.92,47.63,BuildingB_Floor2,TypeA
1014,2025-04-09 03:00:14,20.76,72.97,BuildingB_Floor1,TypeC
1099,2025-04-09 16:10:55,31.88,48.0,BuildingB_Floor2,TypeA
1093,2025-04-10 00:43:04,22.36,75.54,BuildingA_Floor2,TypeC
1062,2025-04-10 08:25:28,34.47,79.71,BuildingA_Floor1,TypeB
1050,2025-04-11 06:38:10,19.99,67.42,BuildingB_Floor2,TypeA
1100,2025-04-10 10:28:16,17.29,46.44,BuildingB_Floor1,TypeC
1068,2025-04-09 17:39:53,17.04,73.18,BuildingB_Floor2,TypeC
1053,2025-04-07 14:55:38,32.83,53.88,BuildingB_Floor2,TypeA
1060,2025-04-11 12:51:06,17.77,69.4,BuildingA_Floor2,TypeA
1048,2025-04-08 16:42:06,30.84,38.64,BuildingB_Floor1,TypeC
1082,2025-04-10 11:22:01,23.44,44.17,BuildingB_Floor2,TypeA
1094,2025-04-07 23:31:55,19.11,34.12,BuildingA_Floor2,TypeB
1043,2025-04-11 00:18:31,30.69,33.73,BuildingA_Floor1,TypeA
1000,2025-04-08 08:30:42,27.04,60.78,BuildingB_Floor2,TypeC
1018,2025-04-08 05:39:56,16.82,37.76,BuildingA_Floor2,TypeA
1075,2025-04-08 04:18:51,31.82,62.04,BuildingA_Floor2,TypeC
1027,2025-04-09 19:10:06,29.56,77.43,BuildingB_Floor1,TypeB
1028,2025-04-08 02:27:32,20.52,51.39,BuildingA_Floor2,TypeB
1025,2025-04-08 05:17:36,23.46,55.42,BuildingA_Floor2,TypeC
1078,2025-04-10 12:47:05,17.0,52.83,BuildingB_Floor2,TypeC
1064,2025-04-10 03:20:17,15.36,58.85,BuildingA_Floor2,TypeA
1086,2025-04-07 17:35:10,27.27,60.73,BuildingB_Floor1,TypeB
1007,2025-04-07 19:20:05,26.38,71.91,BuildingB_Floor2,TypeA
1027,2025-04-07 00:12:42,34.87,63.34,BuildingA_Floor1,TypeB
1014,2025-04-10 13:06:13,24.98,58.99,BuildingB_Floor2,TypeB
1000,2025-04-11 03:12:50,26.42,39.87,BuildingA_Floor2,TypeA
1025,2025-04-10 05:29:38,31.49,37.24,BuildingB_Floor2,TypeB
1067,2025-04-07 07:11:11,34.07,45.55,BuildingA_Floor1,TypeA
1065,2025-04-07 23:13:09,29.82,56.07,BuildingA_Floor2,TypeB
1043,2025-04-10 21:56:28,19.88,35.71,BuildingA_Floor1,TypeA
1094,2025-04-10 23:45:04,15.17,54.98,BuildingB_Floor2,TypeA
1044,2025-04-10 23:36:45,21.44,51.09,BuildingB_Floor1,TypeA
1075,2025-04-07 23:54:49,19.68,78.13,BuildingA_Floor2,TypeC
1097,2025-04-10 09:19:18,32.94,68.24,BuildingA_Floor2,TypeA
1077,2025-04-07 15:53:51,26.14,33.36,BuildingB_Floor1,TypeB
1040,2025-04-08 02:09:47,28.78,58.05,BuildingB_Floor1,TypeC
1001,2025-04-07 04:08:59,31.31,64.04,BuildingA_Floor1,TypeC
1088,2025-04-07 02:11:00,33.87,52.44,BuildingA_Floor2,TypeA
1073,2025-04-08 04:19:17,25.76,72.37,BuildingA_Floor2,TypeA
1096,2025-04-10 06:43:23,28.56,56.25,BuildingA_Floor2,TypeB
1005,2025-04-09 13:22:22,33.28,60.77,BuildingA_Floor2,TypeA
1058,2025-04-08 22:19:37,24.45,57.41,BuildingB_Floor2,TypeB
1007,2025-04-08 17:22:30,20.36,76.02,BuildingA_Floor2,TypeA
1013,2025-04-07 17:42:58,20.92,54.46,BuildingA_Floor1,TypeA
1097,2025-04-10 11:32:13,22.57,34.98,BuildingB_Floor1,TypeB
1011,2025-04-09 01:31:04,22.8,76.63,BuildingB_Floor1,TypeB
1035,2025-04-08 05:41:13,24.57,39.95,BuildingA_Floor2,TypeB
1077,2025-04-07 22:30:46,15.7,39.46,BuildingB_Floor1,TypeA
1062,2025-04-10 00:55:33,30.3,78.13,BuildingB_Floor1,TypeA
1071,2025-04-08 20:37:24,20.01,66.38,BuildingB_Floor2,TypeC
1052,2025-04-08 06:14:33,17.12,44.37,BuildingB_Floor2,TypeA
1087,2025-04-11 10:42:13,16.94,69.6,BuildingA_Floor1,TypeB
1029,2025-04-09 15:30:52,33.8,78.05,BuildingA_Floor1,TypeC
1013,2025-04-07 09:33:52,25.47,64.32,BuildingA_Floor1,TypeA
1000,2025-04-09 22:42:42,33.58,35.43,BuildingA_Floor2,TypeB
1065,2025-04-11 03:36:26,17.42,73.41,BuildingA_Floor2,TypeB
1043,2025-04-10 23:36:47,29.06,38.84,BuildingB_Floor1,TypeC
1007,2025-04-07 15:21:37,22.78,45.66,BuildingB_Floor1,TypeB
1063,2025-04-09 00:32:07,30.41,44.45,BuildingB_Floor2,TypeB
1056,2025-04-11 00:28:07,34.73,38.32,BuildingB_Floor2,TypeC
1061,2025-04-09 00:05:58,30.5,68.01,BuildingA_Floor2,TypeB
1080,2025-04-06 18:29:31,24.58,48.27,BuildingB_Floor2,TypeB
1014,2025-04-08 21:48:26,22.41,62.44,BuildingB_Floor1,TypeA
1086,2025-04-09 09:05:28,17.11,48.61,BuildingA_Floor1,TypeA
1064,2025-04-09 06:33:07,17.36,56.54,BuildingA_Floor2,TypeB
1064,2025-04-08 20:44:50,19.15,58.06,BuildingA_Floor2,TypeB
1002,2025-04-09 21:26:07,28.06,70.73,BuildingB_Floor1,TypeB
1036,2025-04-07 07:37:04,27.8,30.97,BuildingB_Floor1,TypeA
1016,2025-04-10 19:34:36,27.95,47.93,BuildingA_Floor2,TypeB
1001,2025-04-06 22:13:26,24.87,37.41,BuildingA_Floor2,TypeC
1004,2025-04-11 02:44:13,27.87,35.1,BuildingB_Floor2,TypeA
1018,2025-04-07 22:08:12,24.56,77.33,BuildingB_Floor1,TypeB
1059,2025-04-07 08:38:18,30.72,31.97,BuildingA_Floor2,TypeC
1074,2025-04-06 19:25:17,30.53,75.09,BuildingB_Floor1,TypeB
1099,2025-04-10 12:50:48,31.88,67.01,BuildingA_Floor1,TypeB
1011,2025-04-08 23:20:37,23.85,37.69,BuildingA_Floor1,TypeA
1031,2025-04-09 12:51:12,30.32,63.88,BuildingA_Floor1,TypeA
1084,2025-04-10 13:08:04,28.81,67.0,BuildingA_Floor1,TypeC
1000,2025-04-08 22:42:54,30.23,57.51,BuildingB_Floor2,TypeC
1070,2025-04-08 00:02:06,20.23,59.02,BuildingB_Floor2,TypeB
1022,2025-04-08 07:36:17,30.56,65.82,BuildingA_Floor1,TypeA
1060,2025-04-09 19:17:10,20.63,48.43,BuildingB_Floor2,TypeB
1095,2025-04-08 21:46:33,16.71,77.47,BuildingA_Floor2,TypeA
1016,2025-04-09 21:31:27,31.85,57.36,BuildingA_Floor1,TypeA
1037,2025-04-10 18:40:39,26.96,41.56,BuildingB_Floor2,TypeC
1025,2025-04-07 03:16:27,18.57,74.05,BuildingB_Floor2,TypeC
1011,2025-04-08 12:19:34,17.31,49.15,BuildingB_Floor1,TypeB
1063,2025-04-07 06:35:24,30.93,53.01,BuildingB_Floor1,TypeB
1016,2025-04-09 19:47:23,18.95,51.57,BuildingB_Floor1,TypeC
1048,2025-04-07 04:05:25,20.88,70.64,BuildingA_Floor1,TypeA
1060,2025-04-10 00:02:12,25.86,67.28,BuildingB_Floor2,TypeC
1019,2025-04-07 18:32:08,33.51,67.86,BuildingA_Floor2,TypeA
1071,2025-04-08 14:41:39,16.14,68.55,BuildingA_Floor2,TypeC
1049,2025-04-10 15:07:35,22.4,54.44,BuildingA_Floor1,TypeA
1078,2025-04-10 18:35:59,20.88,77.92,BuildingB_Floor1,TypeB
1065,2025-04-07 06:57:43,31.33,59.48,BuildingA_Floor1,TypeC
1087,2025-04-11 12:05:50,28.47,35.82,BuildingA_Floor1,TypeA
1055,2025-04-11 09:27:05,24.66,44.57,BuildingB_Floor2,TypeC
1088,2025-04-09 18:45:59,31.16,70.88,BuildingA_Floor1,TypeC
1099,2025-04-08 20:27:25,18.57,68.25,BuildingB_Floor2,TypeC
1047,2025-04-09 12:13:36,23.52,54.87,BuildingB_Floor2,TypeC
1098,2025-04-06 23:48:38,34.95,51.75,BuildingA_Floor1,TypeB
1029,2025-04-07 09:08:48,16.63,41.77,BuildingA_Floor2,TypeB
1037,2025-04-07 22:15:00,29.74,45.06,BuildingA_Floor2,TypeA
1026,2025-04-11 07:03:29,20.99,40.96,BuildingB_Floor1,TypeC
1087,2025-04-07 23:56:36,32.53,70.1,BuildingB_Floor1,TypeA
1011,2025-04-10 19:54:51,28.92,63.45,BuildingB_Floor2,TypeC
1066,2025-04-10 00:48:28,22.82,47.23,BuildingA_Floor2,TypeA
1065,2025-04-11 02:37:58,21.11,51.19,BuildingB_Floor1,TypeB
1038,2025-04-07 22:10:44,19.32,42.49,BuildingB_Floor1,TypeB
1085,2025-04-06 19:13:14,22.28,51.21,BuildingB_Floor2,TypeA
1008,2025-04-07 07:50:11,29.37,41.98,BuildingA_Floor1,TypeB
1087,2025-04-07 22:45:04,33.39,30.89,BuildingA_Floor2,TypeA
1010,2025-04-11 04:00:04,16.26,58.48,BuildingA_Floor1,TypeA
1054,2025-04-07 21:28:39,30.52,48.68,BuildingA_Floor1,TypeB
1021,2025-04-09 23:21:32,21.16,74.13,BuildingA_Floor2,TypeA
1088,2025-04-07 02:53:21,19.22,76.82,BuildingA_Floor1,TypeB
1007,2025-04-11 08:44:06,27.54,55.33,BuildingA_Floor1,TypeB
1033,2025-04-11 11:55:00,17.56,67.46,BuildingB_Floor1,TypeB
1086,2025-04-06 18:45:25,24.4,42.4,BuildingA_Floor1,TypeC
1026,2025-04-06 20:21:18,20.22,45.21,BuildingB_Floor2,TypeA
1002,2025-04-11 07:58:08,15.29,43.64,BuildingB_Floor1,TypeC
1085,2025-04-11 06:04:10,16.79,70.15,BuildingA_Floor2,TypeC
1018,2025-04-11 00:18:17,22.21,48.22,BuildingB_Floor2,TypeB
1074,2025-04-08 06:46:04,27.25,31.86,BuildingA_Floor2,TypeA
1081,2025-04-10 03:35:43,26.42,78.52,BuildingA_Floor1,TypeA
1076,2025-04-08 19:44:43,31.37,66.85,BuildingA_Floor1,TypeA
1008,2025-04-09 19:56:31,29.86,41.14,BuildingA_Floor1,TypeC
1008,2025-04-07 14:56:48,22.23,66.71,BuildingA_Floor1,TypeA
1057,2025-04-11 01:12:58,31.89,61.51,BuildingB_Floor1,TypeC
1059,2025-04-06 17:26:15,34.13,60.88,BuildingB_Floor1,TypeC
1012,2025-04-10 12:19:47,29.26,75.84,BuildingB_Floor2,TypeC
1017,2025-04-10 23:14:05,29.39,65.51,BuildingA_Floor1,TypeB
1042,2025-04-07 22:07:57,26.42,68.44,BuildingB_Floor2,TypeB
1099,2025-04-09 10:47:54,17.92,71.24,BuildingB_Floor2,TypeB
1084,2025-04-09 11:21:45,31.77,65.73,BuildingB_Floor1,TypeA
1011,2025-04-10 02:28:19,18.88,38.82,BuildingB_Floor1,TypeA
1069,2025-04-08 08:02:21,28.84,74.14,BuildingA_Floor2,TypeB
1005,2025-04-08 06:34:59,21.09,73.08,BuildingB_Floor1,TypeC
1024,2025-04-09 11:22:34,19.43,45.76,BuildingB_Floor2,TypeB
1057,2025-04-08 23:51:07,15.72,69.63,BuildingB_Floor2,TypeC
1071,2025-04-09 18:13:39,34.58,77.0,BuildingA_Floor2,TypeC
1000,2025-04-10 09:09:24,28.74,50.06,BuildingB_Floor1,TypeB
1075,2025-04-09 21:19:36,24.11,30.98,BuildingB_Floor2,TypeB
1076,2025-04-10 22:24:10,28.51,31.5,BuildingB_Floor1,TypeB
1003,2025-04-08 02:45:16,19.72,62.47,BuildingA_Floor2,TypeC
1002,2025-04-08 20:25:35,16.49,68.24,BuildingB_Floor1,TypeC
1093,2025-04-10 19:51:21,29.88,65.66,BuildingA_Floor2,TypeA
1078,2025-04-10 11:43:11,18.41,33.67,BuildingB_Floor1,TypeB
1002,2025-04-10 09:43:56,23.83,71.4,BuildingB_Floor2,TypeA
1032,2025-04-07 12:39:08,25.18,46.4,BuildingA_Floor1,TypeC
1004,2025-04-11 03:22:41,20.0,40.11,BuildingA_Floor2,TypeC
1011,2025-04-07 09:16:56,19.35,36.37,BuildingA_Floor1,TypeA
1063,2025-04-07 08:37:39,15.95,71.58,BuildingB_Floor1,TypeC
1095,2025-04-09 10:34:03,27.41,40.18,BuildingB_Floor1,TypeB
1037,2025-04-07 13:38:02,28.35,52.75,BuildingB_Floor2,TypeA
1066,2025-04-07 15:14:39,23.06,39.54,BuildingB_Floor2,TypeB
1005,2025-04-06 19:33:15,27.33,34.68,BuildingA_Floor1,TypeC
1069,2025-04-11 12:58:38,27.54,34.53,BuildingA_Floor2,TypeB
1000,2025-04-07 02:22:11,17.22,79.46,BuildingB_Floor1,TypeC
1052,2025-04-09 21:26:31,20.0,67.01,BuildingA_Floor2,TypeB
1050,2025-04-11 04:40:12,27.4,39.69,BuildingA_Floor2,TypeC
1046,2025-04-11 13:36:35,33.4,50.41,BuildingA_Floor1,TypeC
1050,2025-04-06 19:49:11,25.24,34.82,BuildingA_Floor1,TypeB
1074,2025-04-10 13:39:35,17.59,73.42,BuildingA_Floor1,TypeB
1083,2025-04-09 08:02:44,18.77,64.26,BuildingA_Floor1,TypeC
1055,2025-04-09 10:53:59,20.21,76.94,BuildingA_Floor2,TypeA
1010,2025-04-07 14:56:47,30.56,42.72,BuildingA_Floor1,TypeB
1055,2025-04-06 22:44:55,27.43,54.65,BuildingA_Floor1,TypeC
1039,2025-04-10 10:47:37,22.18,70.32,BuildingB_Floor1,TypeA
1083,2025-04-10 01:09:02,23.17,42.19,BuildingB_Floor2,TypeB
1077,2025-04-11 10:00:49,26.33,32.6,BuildingA_Floor2,TypeB
1086,2025-04-10 14:54:10,28.1,56.43,BuildingB_Floor2,TypeB
1008,2025-04-10 19:25:17,17.74,55.68,BuildingB_Floor2,TypeC
1067,2025-04-09 09:39:39,28.61,35.6,BuildingA_Floor1,TypeB
1036,2025-04-07 04:59:09,29.96,54.68,BuildingB_Floor1,TypeA
1092,2025-04-09 16:36:58,33.96,62.69,BuildingA_Floor2,TypeC
1060,2025-04-08 18:42:04,19.18,33.02,BuildingB_Floor2,TypeB
1080,2025-04-06 15:32:29,21.68,30.76,BuildingB_Floor1,TypeC
1033,2025-04-07 05:44:37,28.05,69.92,BuildingA_Floor1,TypeB
1023,2025-04-08 11:14:05,17.14,44.03,BuildingA_Floor2,TypeC
1024,2025-04-11 06:23:24,29.01,66.24,BuildingA_Floor2,TypeC
1055,2025-04-09 23:17:00,15.2,49.22,BuildingA_Floor1,TypeA
1050,2025-04-10 07:18:13,33.02,67.65,BuildingA_Floor1,TypeC
1083,2025-04-09 01:22:00,30.67,48.6,BuildingA_Floor2,TypeA
1090,2025-04-09 21:07:56,30.95,68.82,BuildingA_Floor1,TypeB
1033,2025-04-09 17:35:38,31.66,62.22,BuildingA_Floor1,TypeC
1081,2025-04-08 18:42:04,16.82,55.72,BuildingA_Floor1,TypeB
1054,2025-04-07 03:26:19,17.71,32.82,BuildingA_Floor2,TypeC
1100,2025-04-07 08:45:33,32.07,71.16,BuildingB_Floor1,TypeC
1045,2025-04-10 00:05:28,24.71,35.93,BuildingB_Floor2,TypeB
1025,2025-04-11 04:10:07,22.02,71.9,BuildingB_Floor2,TypeB
1082,2025-04-10 09:53:04,25.6,59.42,BuildingB_Floor2,TypeB
1026,2025-04-06 23:23:46,24.58,32.7,BuildingB_Floor1,TypeB
1055,2025-04-07 21:41:41,30.27,38.96,BuildingB_Floor1,TypeB
1010,2025-04-10 01:49:33,34.8,61.69,BuildingB_Floor1,TypeC
1071,2025-04-09 05:08:32,30.22,44.49,BuildingB_Floor1,TypeC
1019,2025-04-08 03:42:33,34.38,38.45,BuildingA_Floor2,TypeA
1007,2025-04-06 16:03:49,24.88,67.0,BuildingA_Floor2,TypeA
1098,2025-04-08 04:17:45,26.28,33.05,BuildingA_Floor1,TypeC
1042,2025-04-09 04:32:06,30.7,50.17,BuildingB_Floor1,TypeA
1034,2025-04-07 21:43:45,18.17,63.98,BuildingB_Floor1,TypeB
1070,2025-04-07 22:52:39,29.21,76.98,BuildingB_Floor1,TypeB
1085,2025-04-10 07:56:50,29.02,65.49,BuildingA_Floor1,TypeC
1037,2025-04-08 23:05:40,28.5,67.7,BuildingB_Floor1,TypeB
1052,2025-04-10 02:53:37,22.8,39.06,BuildingB_Floor1,TypeA
1001,2025-04-09 18:32:10,28.79,60.46,BuildingA_Floor2,TypeC
1067,2025-04-08 21:47:47,24.1,55.51,BuildingA_Floor1,TypeA
1041,2025-04-07 11:13:35,32.13,61.92,BuildingB_Floor2,TypeB
1033,2025-04-09 00:00:44,34.76,65.74,BuildingA_Floor1,TypeC
1035,2025-04-10 11:24:02,18.41,52.92,BuildingA_Floor1,TypeA
1008,2025-04-10 06:51:50,18.71,68.61,BuildingB_Floor1,TypeB
1054,2025-04-08 10:12:43,28.87,77.45,BuildingB_Floor2,TypeC
1075,2025-04-08 05:29:47,30.13,46.84,BuildingA_Floor2,TypeC
1005,2025-04-09 10:30:32,24.13,35.19,BuildingB_Floor1,TypeA
1074,2025-04-07 20:58:50,32.84,63.78,BuildingB_Floor1,TypeC
1090,2025-04-06 16:27:42,27.58,67.98,BuildingB_Floor2,TypeA
1033,2025-04-06 21:08:46,29.19,74.39,BuildingB_Floor1,TypeB
1009,2025-04-10 03:45:00,19.91,46.74,BuildingA_Floor1,TypeA
1005,2025-04-10 17:51:10,33.98,43.77,BuildingA_Floor2,TypeB
1013,2025-04-07 09:54:51,16.77,75.63,BuildingB_Floor2,TypeC
1048,2025-04-08 05:32:00,32.55,32.1,BuildingA_Floor2,TypeB
1071,2025-04-11 10:48:35,21.21,60.75,BuildingB_Floor2,TypeB
1052,2025-04-10 15:50:17,16.17,60.02,BuildingA_Floor2,TypeB
1025,2025-04-07 13:03:48,32.81,40.02,BuildingB_Floor2,TypeC
1063,2025-04-11 14:37:07,24.09,70.87,BuildingB_Floor2,TypeB
1060,2025-04-09 02:13:27,28.8,67.94,BuildingA_Floor1,TypeB
1053,2025-04-07 08:49:14,15.52,57.76,BuildingA_Floor1,TypeA
1007,2025-04-08 06:17:26,31.83,49.6,BuildingB_Floor2,TypeA
1002,2025-04-07 07:53:05,32.82,41.56,BuildingA_Floor1,TypeC
1063,2025-04-08 03:17:40,33.34,39.38,BuildingB_Floor2,TypeB
1005,2025-04-11 10:59:32,29.61,77.77,BuildingA_Floor1,TypeB
1041,2025-04-10 22:03:31,19.69,60.93,BuildingB_Floor1,TypeB
1045,2025-04-10 07:44:26,29.86,64.61,BuildingA_Floor1,TypeC
1098,2025-04-08 15:22:49,18.37,78.19,BuildingA_Floor1,TypeB
1087,2025-04-08 22:31:20,24.37,48.18,BuildingA_Floor2,TypeA
1016,2025-04-11 05:07:21,22.46,74.46,BuildingA_Floor2,TypeC
1055,2025-04-07 21:15:18,24.25,73.45,BuildingA_Floor2,TypeA
1069,2025-04-10 22:25:27,24.64,68.86,BuildingB_Floor1,TypeC
1005,2025-04-08 13:25:22,28.11,53.73,BuildingA_Floor1,TypeA
1091,2025-04-07 10:24:10,24.84,64.47,BuildingA_Floor1,TypeC
1094,2025-04-07 11:39:27,21.5,78.52,BuildingB_Floor2,TypeC
1007,2025-04-08 06:58:55,17.92,52.43,BuildingA_Floor2,TypeC
1034,2025-04-08 23:34:36,27.21,69.19,BuildingA_Floor2,TypeA
1044,2025-04-07 09:49:51,17.36,52.75,BuildingB_Floor1,TypeC
1001,2025-04-10 15:53:42,22.06,79.57,BuildingB_Floor2,TypeB
1035,2025-04-07 12:45:21,30.27,34.02,BuildingA_Floor2,TypeB
1082,2025-04-10 19:30:44,25.31,75.93,BuildingA_Floor2,TypeB
1048,2025-04-10 09:02:24,18.06,36.28,BuildingB_Floor1,TypeC
1074,2025-04-11 12:52:11,24.67,42.12,BuildingA_Floor2,TypeB
1075,2025-04-11 12:55:49,34.28,77.16,BuildingB_Floor2,TypeC
1071,2025-04-10 08:55:13,25.3,52.63,BuildingB_Floor2,TypeB
1055,2025-04-08 22:18:03,16.58,73.84,BuildingA_Floor2,TypeA
1071,2025-04-08 04:46:15,19.04,70.32,BuildingB_Floor1,TypeB
1060,2025-04-11 13:30:01,20.5,51.14,BuildingA_Floor2,TypeC
1025,2025-04-08 02:13:42,22.49,46.02,BuildingB_Floor1,TypeA
1002,2025-04-07 09:58:22,26.63,52.12,BuildingB_Floor2,TypeC
1093,2025-04-10 10:58:09,20.23,73.66,BuildingA_Floor1,TypeA
1036,2025-04-09 09:48:50,16.25,62.55,BuildingA_Floor2,TypeC
1100,2025-04-08 20:16:41,32.25,31.06,BuildingA_Floor2,TypeB
1054,2025-04-10 07:37:50,22.13,44.0,BuildingB_Floor1,TypeA
1082,2025-04-07 09:04:10,24.16,42.57,BuildingA_Floor1,TypeA
1046,2025-04-09 22:41:21,28.17,32.61,BuildingB_Floor2,TypeB
1015,2025-04-09 20:52:51,32.08,73.23,BuildingB_Floor2,TypeC
1002,2025-04-10 13:42:08,31.77,64.31,BuildingA_Floor2,TypeB
1098,2025-04-07 10:18:10,16.89,79.94,BuildingB_Floor1,TypeA
1092,2025-04-10 21:09:20,25.72,56.92,BuildingB_Floor1,TypeA
1027,2025-04-10 10:39:05,16.65,63.07,BuildingB_Floor1,TypeC
1026,2025-04-08 17:33:14,31.79,35.71,BuildingA_Floor1,TypeC
1087,2025-04-07 09:33:03,30.79,48.63,BuildingA_Floor1,TypeA
1040,2025-04-09 02:01:17,33.46,35.89,BuildingB_Floor1,TypeA
1013,2025-04-08 13:34:26,18.83,57.33,BuildingB_Floor1,TypeC
1072,2025-04-10 08:21:37,15.51,66.76,BuildingB_Floor2,TypeA
1020,2025-04-11 06:01:12,32.27,34.09,BuildingA_Floor2,TypeC
1015,2025-04-10 14:21:01,19.04,59.01,BuildingA_Floor1,TypeC
1085,2025-04-08 08:51:07,15.71,63.4,BuildingB_Floor2,TypeA
1098,2025-04-07 13:33:25,21.0,55.31,BuildingB_Floor2,TypeA
1032,2025-04-09 07:57:17,30.12,39.69,BuildingA_Floor2,TypeB
1055,2025-04-07 18:29:28,33.95,35.11,BuildingA_Floor1,TypeC
1040,2025-04-09 18:23:21,26.02,50.64,BuildingB_Floor1,TypeA
1081,2025-04-06 17:35:19,17.63,48.14,BuildingB_Floor1,TypeC
1004,2025-04-09 07:51:12,33.29,75.12,BuildingA_Floor1,TypeA
1062,2025-04-10 13:19:40,24.52,45.38,BuildingA_Floor2,TypeA
1019,2025-04-10 00:55:51,30.81,71.98,BuildingB_Floor2,TypeA
1003,2025-04-08 22:30:28,17.22,32.21,BuildingA_Floor1,TypeB
1024,2025-04-07 20:03:46,15.11,51.05,BuildingB_Floor1,TypeA
1014,2025-04-07 17:59:46,21.85,35.09,BuildingA_Floor2,TypeA
1058,2025-04-10 05:23:49,31.98,54.99,BuildingA_Floor1,TypeC
1091,2025-04-09 05:26:52,16.54,66.35,BuildingA_Floor2,TypeA
1022,2025-04-08 18:21:02,29.96,65.82,BuildingB_Floor1,TypeB
1028,2025-04-08 06:07:13,26.48,67.87,BuildingA_Floor2,TypeA
1001,2025-04-07 11:10:06,33.07,46.49,BuildingA_Floor1,TypeC
1040,2025-04-06 22:45:47,28.74,38.37,BuildingB_Floor2,TypeB
1088,2025-04-11 12:59:49,28.11,62.76,BuildingB_Floor1,TypeB
1002,2025-04-09 05:11:25,25.14,55.53,BuildingA_Floor2,TypeB
1035,2025-04-09 06:42:46,19.01,62.45,BuildingB_Floor2,TypeA
1027,2025-04-10 17:26:54,33.44,72.25,BuildingA_Floor1,TypeC
1067,2025-04-11 02:34:53,19.28,40.66,BuildingA_Floor1,TypeA
1039,2025-04-08 10:25:21,25.9,75.73,BuildingB_Floor1,TypeA
1001,2025-04-08 09:42:30,20.46,76.58,BuildingB_Floor2,TypeA
1072,2025-04-11 03:13:37,30.84,70.1,BuildingA_Floor1,TypeA
1035,2025-04-11 06:59:27,20.78,66.0,BuildingA_Floor2,TypeB
1022,2025-04-08 12:01:32,16.2,56.54,BuildingB_Floor2,TypeC
1054,2025-04-07 03:27:12,15.19,67.14,BuildingA_Floor2,TypeA
1074,2025-04-08 15:15:20,19.94,45.18,BuildingA_Floor2,TypeC
1098,2025-04-08 08:56:12,32.48,76.96,BuildingB_Floor2,TypeA
1034,2025-04-08 19:14:34,31.37,47.69,BuildingB_Floor2,TypeA
1002,2025-04-06 18:04:27,27.76,64.98,BuildingA_Floor2,TypeB
1047,2025-04-08 02:50:37,23.21,77.82,BuildingB_Floor2,TypeC
1029,2025-04-10 03:36:46,17.28,41.72,BuildingA_Floor2,TypeC
1042,2025-04-08 11:07:10,34.68,75.47,BuildingA_Floor1,TypeB
1054,2025-04-06 18:10:47,27.19,75.43,BuildingB_Floor1,TypeB
1082,2025-04-08 12:32:51,34.56,60.67,BuildingA_Floor1,TypeC
1009,2025-04-07 02:45:36,33.65,35.01,BuildingB_Floor1,TypeB
1094,2025-04-07 10:20:56,18.63,62.49,BuildingA_Floor1,TypeC
1080,2025-04-09 18:32:02,25.7,69.19,BuildingA_Floor1,TypeA
1095,2025-04-07 09:06:52,22.69,31.58,BuildingA_Floor2,TypeA
1061,2025-04-08 00:24:09,26.77,76.99,BuildingB_Floor1,TypeA
1029,2025-04-10 07:10:52,34.48,79.53,BuildingA_Floor2,TypeB
1012,2025-04-10 13:23:37,32.33,50.65,BuildingB_Floor1,TypeC
1001,2025-04-11 14:43:34,20.37,74.12,BuildingB_Floor2,TypeC
1010,2025-04-08 06:19:51,30.41,67.88,BuildingB_Floor1,TypeA
1035,2025-04-08 11:55:07,18.91,40.05,BuildingB_Floor2,TypeB
1003,2025-04-07 02:13:45,27.18,43.84,BuildingA_Floor2,TypeC
1088,2025-04-06 20:08:19,19.07,41.16,BuildingA_Floor2,TypeB
1072,2025-04-09 14:33:44,34.06,78.86,BuildingB_Floor1,TypeA
1006,2025-04-09 07:32:28,21.67,37.95,BuildingA_Floor1,TypeC
1080,2025-04-08 07:27:31,30.49,50.72,BuildingB_Floor2,TypeB
1069,2025-04-07 18:29:45,15.5,30.37,BuildingB_Floor2,TypeB
1040,2025-04-08 13:49:40,34.51,38.17,BuildingA_Floor2,TypeC
1064,2025-04-10 10:35:09,34.23,79.19,BuildingB_Floor1,TypeC
1082,2025-04-10 21:42:35,17.11,73.48,BuildingB_Floor1,TypeC
1088,2025-04-10 15:36:16,29.97,35.53,BuildingB_Floor2,TypeC
1056,2025-04-08 03:29:23,23.62,68.95,BuildingB_Floor1,TypeB
1013,2025-04-10 12:54:35,29.09,64.04,BuildingB_Floor1,TypeC
1098,2025-04-07 01:06:06,18.7,51.25,BuildingA_Floor1,TypeC
1031,2025-04-11 10:28:56,23.51,63.91,BuildingA_Floor1,TypeA
1017,2025-04-09 13:33:32,26.85,59.85,BuildingB_Floor1,TypeC
1094,2025-04-11 03:33:37,34.52,47.16,BuildingA_Floor2,TypeB
1069,2025-04-09 00:31:56,29.97,50.59,BuildingA_Floor2,TypeC
1080,2025-04-07 03:24:42,26.36,78.16,BuildingA_Floor2,TypeB
1036,2025-04-10 04:51:27,31.74,48.9,BuildingB_Floor1,TypeB
1027,2025-04-11 11:34:27,26.98,40.45,BuildingB_Floor1,TypeC
1033,2025-04-09 17:23:29,21.2,39.89,BuildingB_Floor1,TypeA
1050,2025-04-07 14:38:52,20.14,45.08,BuildingB_Floor1,TypeB
1099,2025-04-07 18:59:02,31.92,49.27,BuildingB_Floor1,TypeB
1051,2025-04-08 07:49:51,30.52,34.38,BuildingB_Floor2,TypeB
1049,2025-04-09 19:55:20,22.95,67.98,BuildingB_Floor1,TypeA
1087,2025-04-07 14:06:51,34.39,59.28,BuildingB_Floor2,TypeA
1033,2025-04-08 16:24:34,27.44,64.36,BuildingB_Floor1,TypeA
1047,2025-04-06 21:04:28,17.72,56.62,BuildingB_Floor1,TypeA
1055,2025-04-10 18:24:28,21.01,45.87,BuildingB_Floor2,TypeA
1086,2025-04-09 13:58:25,29.31,79.26,BuildingA_Floor2,TypeA
1051,2025-04-11 00:52:56,21.71,40.72,BuildingB_Floor2,TypeA
1002,2025-04-06 19:07:53,28.97,59.92,BuildingB_Floor2,TypeA
1085,2025-04-08 07:35:19,33.01,38.96,BuildingA_Floor2,TypeC
1093,2025-04-10 18:45:44,26.78,38.03,BuildingB_Floor2,TypeC
1010,2025-04-08 23:15:14,15.74,51.56,BuildingA_Floor2,TypeA
1085,2025-04-09 17:52:04,20.92,53.33,BuildingB_Floor2,TypeB
1025,2025-04-11 12:36:05,34.16,36.99,BuildingA_Floor2,TypeC
1026,2025-04-09 16:11:56,15.28,77.38,BuildingB_Floor2,TypeC
1058,2025-04-08 19:27:47,29.86,60.92,BuildingB_Floor2,TypeC
1072,2025-04-07 09:09:41,23.06,69.48,BuildingA_Floor2,TypeC
1080,2025-04-06 17:18:43,18.53,60.72,BuildingB_Floor2,TypeA
1098,2025-04-08 08:32:34,24.64,35.76,BuildingB_Floor1,TypeB
1038,2025-04-08 02:11:00,23.54,37.48,BuildingB_Floor2,TypeA
1026,2025-04-10 03:34:38,17.89,74.53,BuildingA_Floor1,TypeB
1032,2025-04-08 09:51:55,34.65,67.01,BuildingB_Floor1,TypeA
1062,2025-04-06 22:47:36,20.27,62.85,BuildingB_Floor1,TypeA
1007,2025-04-07 00:50:22,24.19,58.32,BuildingB_Floor1,TypeC
1001,2025-04-08 01:36:49,17.64,59.08,BuildingA_Floor2,TypeB
1057,2025-04-11 14:33:47,34.97,36.66,BuildingA_Floor1,TypeB
1063,2025-04-10 02:39:54,17.17,38.5,BuildingB_Floor2,TypeC
1010,2025-04-08 00:54:58,23.97,47.26,BuildingB_Floor2,TypeC
1007,2025-04-08 14:20:02,24.59,53.64,BuildingB_Floor1,TypeB
1000,2025-04-07 00:52:16,23.74,36.85,BuildingA_Floor2,TypeC
1072,2025-04-07 22:58:20,17.22,69.4,BuildingA_Floor1,TypeB
1095,2025-04-11 12:43:00,26.38,50.24,BuildingB_Floor1,TypeB
1013,2025-04-08 09:10:39,19.46,47.83,BuildingB_Floor2,TypeC
1010,2025-04-06 16:46:10,32.99,47.65,BuildingA_Floor2,TypeC
1033,2025-04-11 06:41:02,24.28,55.76,BuildingA_Floor1,TypeC
1037,2025-04-11 01:06:16,17.95,45.91,BuildingA_Floor1,TypeB
1089,2025-04-09 18:02:01,20.7,38.49,BuildingA_Floor2,TypeC
1052,2025-04-08 03:51:05,20.03,73.72,BuildingB_Floor1,TypeC
1033,2025-04-09 01:25:26,16.27,49.66,BuildingB_Floor2,TypeB
1020,2025-04-07 01:38:45,16.29,66.08,BuildingB_Floor1,TypeC
1057,2025-04-10 15:05:00,26.55,75.91,BuildingB_Floor1,TypeA
1093,2025-04-09 19:14:35,33.53,41.48,BuildingA_Floor1,TypeA
1067,2025-04-11 07:51:04,22.67,79.4,BuildingB_Floor1,TypeB
1062,2025-04-07 06:53:08,31.2,46.94,BuildingB_Floor1,TypeB
1047,2025-04-10 11:45:51,27.85,60.05,BuildingA_Floor1,TypeA
1056,2025-04-07 19:22:53,34.64,75.34,BuildingB_Floor1,TypeC
1035,2025-04-09 21:27:23,27.83,57.01,BuildingA_Floor2,TypeA
1093,2025-04-07 03:21:20,31.53,34.05,BuildingA_Floor2,TypeA
1013,2025-04-10 17:28:28,33.83,51.16,BuildingA_Floor1,TypeB
1050,2025-04-09 19:44:50,20.02,61.45,BuildingB_Floor2,TypeA
1006,2025-04-11 11:02:16,33.73,47.14,BuildingA_Floor1,TypeA
1002,2025-04-08 12:21:49,18.83,54.05,BuildingA_Floor1,TypeC
1039,2025-04-06 22:34:29,30.62,63.26,BuildingB_Floor1,TypeA
1069,2025-04-09 06:45:08,23.14,41.92,BuildingA_Floor2,TypeB
1088,2025-04-08 12:59:59,21.47,54.72,BuildingA_Floor1,TypeA
1099,2025-04-08 00:45:24,23.65,47.32,BuildingB_Floor2,TypeC
1066,2025-04-10 12:07:48,15.84,44.93,BuildingA_Floor2,TypeA
1042,2025-04-10 18:27:24,17.43,53.49,BuildingB_Floor2,TypeC
1003,2025-04-10 10:53:55,30.15,73.5,BuildingB_Floor2,TypeC
1067,2025-04-08 20:52:34,31.35,43.08,BuildingA_Floor2,TypeC
1028,2025-04-11 13:51:09,20.09,50.4,BuildingA_Floor1,TypeA
1064,2025-04-11 03:54:45,29.6,30.75,BuildingB_Floor2,TypeC
1011,2025-04-10 16:59:31,30.44,53.81,BuildingB_Floor1,TypeB
1053,2025-04-10 02:57:31,31.97,66.6,BuildingA_Floor2,TypeC
1010,2025-04-06 15:37:29,16.66,34.39,BuildingA_Floor1,TypeA
1042,2025-04-10 00:34:08,19.92,49.08,BuildingB_Floor1,TypeB
1030,2025-04-10 09:32:51,25.05,77.8,BuildingB_Floor1,TypeC
1043,2025-04-08 21:33:21,25.11,41.23,BuildingB_Floor1,TypeA
1059,2025-04-07 11:53:26,25.12,77.64,BuildingB_Floor1,TypeB
